{
    "call_center": 0.043333333333333335,
    "catalog_page": 0.006666666666666667,
    "catalog_returns": 0.06466666666666668,
    "catalog_sales": 0.24466666666666675,
    "customer": 0.10533333333333332,
    "customer_address": 0.30333333333333334,
    "customer_demographics": 0.1753333333333333,
    "date_dim": 0.6026666666666668,
    "household_demographics": 0.148,
    "income_band": 0.06733333333333334,
    "inventory": 0.03133333333333334,
    "item": 0.3613333333333333,
    "lineitem": 0.2373333333333333,
    "nation": 0.09333333333333334,
    "orders": 0.13266666666666665,
    "part": 0.09666666666666665,
    "partsupp": 0.042666666666666665,
    "promotion": 0.02266666666666667,
    "reason": 0.010666666666666668,
    "region": 0.05133333333333333,
    "ship_mode": 0,
    "store": 0.14799999999999996,
    "store_returns": 0.08866666666666667,
    "store_sales": 0.3693333333333333,
    "supplier": 0.10866666666666666,
    "time_dim": 0.018666666666666668,
    "tpcds.customer": 0.31666666666666665,
    "warehouse": 0.035333333333333335,
    "web_page": 0.015333333333333334,
    "web_returns": 0.064,
    "web_sales": 0.15733333333333335,
    "web_site": 0.006666666666666667
}