{
    "c_acctbal": 0.014000000000000002,
    "c_address": 0.004666666666666667,
    "c_birth_country": 0.038,
    "c_birth_day": 0.009333333333333334,
    "c_birth_month": 0.022,
    "c_birth_year": 0.022,
    "c_comment": 0.004666666666666667,
    "c_current_addr_sk": 0.2626666666666667,
    "c_current_cdemo_sk": 0.13533333333333333,
    "c_current_hdemo_sk": 0.10666666666666666,
    "c_custkey": 0.10533333333333332,
    "c_customer_id": 0.10333333333333335,
    "c_customer_sk": 0.24333333333333335,
    "c_email_address": 0.029333333333333336,
    "c_first_name": 0.14533333333333331,
    "c_first_sales_date_sk": 0,
    "c_first_shipto_date_sk": 0,
    "c_last_name": 0.14533333333333331,
    "c_last_review_date_sk": 0.009333333333333334,
    "c_login": 0.029333333333333336,
    "c_mktsegment": 0.022,
    "c_name": 0.014666666666666668,
    "c_nationkey": 0.05666666666666667,
    "c_phone": 0.014000000000000002,
    "c_preferred_cust_flag": 0.04533333333333334,
    "c_salutation": 0.019333333333333334,
    "ca_address_id": 0,
    "ca_address_sk": 0.30333333333333334,
    "ca_city": 0.08733333333333333,
    "ca_country": 0.041999999999999996,
    "ca_county": 0.029333333333333333,
    "ca_gmt_offset": 0.05333333333333334,
    "ca_location_type": 0,
    "ca_state": 0.13533333333333333,
    "ca_street_name": 0,
    "ca_street_number": 0,
    "ca_street_type": 0,
    "ca_suite_number": 0,
    "ca_zip": 0.09,
    "cc_call_center_id": 0.03933333333333334,
    "cc_call_center_sk": 0.043333333333333335,
    "cc_city": 0,
    "cc_class": 0,
    "cc_closed_date_sk": 0,
    "cc_company": 0,
    "cc_company_name": 0,
    "cc_country": 0,
    "cc_county": 0.004,
    "cc_division": 0,
    "cc_division_name": 0,
    "cc_employees": 0,
    "cc_gmt_offset": 0,
    "cc_hours": 0,
    "cc_manager": 0.03933333333333334,
    "cc_market_manager": 0,
    "cc_mkt_class": 0,
    "cc_mkt_desc": 0,
    "cc_mkt_id": 0,
    "cc_name": 0.03933333333333334,
    "cc_open_date_sk": 0,
    "cc_rec_end_date": 0,
    "cc_rec_start_date": 0,
    "cc_sq_ft": 0,
    "cc_state": 0,
    "cc_street_name": 0,
    "cc_street_number": 0,
    "cc_street_type": 0,
    "cc_suite_number": 0,
    "cc_tax_percentage": 0,
    "cc_zip": 0,
    "cd_credit_rating": 0.008,
    "cd_demo_sk": 0.1753333333333333,
    "cd_dep_college_count": 0.016,
    "cd_dep_count": 0.028666666666666667,
    "cd_dep_employed_count": 0.016,
    "cd_education_status": 0.1,
    "cd_gender": 0.047999999999999994,
    "cd_marital_status": 0.09533333333333333,
    "cd_purchase_estimate": 0.008,
    "cp_catalog_number": 0,
    "cp_catalog_page_id": 0.006666666666666667,
    "cp_catalog_page_number": 0,
    "cp_catalog_page_sk": 0.006666666666666667,
    "cp_department": 0,
    "cp_description": 0,
    "cp_end_date_sk": 0,
    "cp_start_date_sk": 0,
    "cp_type": 0,
    "cr_call_center_sk": 0.03933333333333334,
    "cr_catalog_page_sk": 0.006666666666666667,
    "cr_fee": 0,
    "cr_item_sk": 0.04533333333333334,
    "cr_net_loss": 0.046,
    "cr_order_number": 0.014,
    "cr_reason_sk": 0,
    "cr_refunded_addr_sk": 0,
    "cr_refunded_cash": 0.01,
    "cr_refunded_cdemo_sk": 0,
    "cr_refunded_customer_sk": 0,
    "cr_refunded_hdemo_sk": 0,
    "cr_return_amount": 0.006666666666666667,
    "cr_return_amt_inc_tax": 0,
    "cr_return_quantity": 0.004666666666666667,
    "cr_return_ship_cost": 0,
    "cr_return_tax": 0,
    "cr_returned_date_sk": 0.050666666666666665,
    "cr_returned_time_sk": 0,
    "cr_returning_addr_sk": 0,
    "cr_returning_cdemo_sk": 0,
    "cr_returning_customer_sk": 0.03933333333333334,
    "cr_returning_hdemo_sk": 0,
    "cr_reversed_charge": 0,
    "cr_ship_mode_sk": 0,
    "cr_store_credit": 0,
    "cr_warehouse_sk": 0,
    "cs_bill_addr_sk": 0.007333333333333333,
    "cs_bill_cdemo_sk": 0.018666666666666665,
    "cs_bill_customer_sk": 0.14533333333333334,
    "cs_bill_hdemo_sk": 0,
    "cs_call_center_sk": 0.004,
    "cs_catalog_page_sk": 0.006666666666666667,
    "cs_coupon_amt": 0.018666666666666665,
    "cs_ext_discount_amt": 0.018666666666666668,
    "cs_ext_list_price": 0.011333333333333334,
    "cs_ext_sales_price": 0.055999999999999994,
    "cs_ext_ship_cost": 0.004,
    "cs_ext_tax": 0,
    "cs_ext_wholesale_cost": 0.011333333333333334,
    "cs_item_sk": 0.15133333333333335,
    "cs_list_price": 0.034666666666666665,
    "cs_net_paid": 0,
    "cs_net_paid_inc_ship": 0,
    "cs_net_paid_inc_ship_tax": 0,
    "cs_net_paid_inc_tax": 0,
    "cs_net_profit": 0.032,
    "cs_order_number": 0.014,
    "cs_promo_sk": 0.006,
    "cs_quantity": 0.05466666666666666,
    "cs_sales_price": 0.09200000000000001,
    "cs_ship_addr_sk": 0.004,
    "cs_ship_cdemo_sk": 0,
    "cs_ship_customer_sk": 0.016,
    "cs_ship_date_sk": 0.004,
    "cs_ship_hdemo_sk": 0,
    "cs_ship_mode_sk": 0,
    "cs_sold_date_sk": 0.23466666666666675,
    "cs_sold_time_sk": 0,
    "cs_warehouse_sk": 0.014,
    "cs_wholesale_cost": 0,
    "d_current_day": 0,
    "d_current_month": 0,
    "d_current_quarter": 0,
    "d_current_week": 0,
    "d_current_year": 0,
    "d_date": 0.6026666666666668,
    "d_date_id": 0,
    "d_date_sk": 0.6026666666666668,
    "d_day_name": 0.019333333333333334,
    "d_dom": 0.01,
    "d_dow": 0.012666666666666666,
    "d_first_dom": 0,
    "d_following_holiday": 0,
    "d_fy_quarter_seq": 0,
    "d_fy_week_seq": 0,
    "d_fy_year": 0,
    "d_holiday": 0,
    "d_last_dom": 0,
    "d_month_seq": 0.03866666666666667,
    "d_moy": 0.21866666666666665,
    "d_qoy": 0.09333333333333334,
    "d_quarter_name": 0.009333333333333334,
    "d_quarter_seq": 0,
    "d_same_day_lq": 0,
    "d_same_day_ly": 0,
    "d_week_seq": 0.022666666666666665,
    "d_weekend": 0,
    "d_year": 0.452,
    "hd_buy_potential": 0.04933333333333333,
    "hd_demo_sk": 0.148,
    "hd_dep_count": 0.04133333333333333,
    "hd_income_band_sk": 0.06733333333333334,
    "hd_vehicle_count": 0.028666666666666667,
    "i_brand": 0.11933333333333333,
    "i_brand_id": 0.10466666666666667,
    "i_category": 0.12066666666666664,
    "i_category_id": 0.010666666666666666,
    "i_class": 0.08266666666666667,
    "i_class_id": 0.005333333333333333,
    "i_color": 0.015333333333333334,
    "i_container": 0,
    "i_current_price": 0.09866666666666668,
    "i_formulation": 0,
    "i_item_desc": 0.10200000000000001,
    "i_item_id": 0.16133333333333336,
    "i_item_sk": 0.3546666666666667,
    "i_manager_id": 0.035333333333333335,
    "i_manufact": 0.11,
    "i_manufact_id": 0.11,
    "i_product_name": 0.02266666666666667,
    "i_rec_end_date": 0,
    "i_rec_start_date": 0,
    "i_size": 0.015333333333333334,
    "i_units": 0.015333333333333334,
    "i_wholesale_cost": 0,
    "ib_income_band_sk": 0.06733333333333334,
    "ib_lower_bound": 0.06733333333333334,
    "ib_upper_bound": 0.06733333333333334,
    "inv_date_sk": 0.03133333333333334,
    "inv_item_sk": 0.03133333333333334,
    "inv_quantity_on_hand": 0.03133333333333334,
    "inv_warehouse_sk": 0.025333333333333333,
    "l_comment": 0,
    "l_commitdate": 0.021333333333333333,
    "l_discount": 0.18800000000000003,
    "l_extendedprice": 0.196,
    "l_linenumber": 0,
    "l_linestatus": 0.03866666666666667,
    "l_orderkey": 0.14533333333333334,
    "l_partkey": 0.078,
    "l_quantity": 0.09066666666666669,
    "l_receiptdate": 0.021333333333333333,
    "l_returnflag": 0.043333333333333335,
    "l_shipdate": 0.14466666666666667,
    "l_shipinstruct": 0.008666666666666666,
    "l_shipmode": 0.018666666666666665,
    "l_suppkey": 0.082,
    "l_tax": 0.03866666666666667,
    "n_comment": 0,
    "n_name": 0.09333333333333334,
    "n_nationkey": 0.09333333333333334,
    "n_regionkey": 0.05133333333333333,
    "o_clerk": 0,
    "o_comment": 0.007333333333333333,
    "o_custkey": 0.10533333333333332,
    "o_orderdate": 0.09266666666666667,
    "o_orderkey": 0.12333333333333332,
    "o_orderpriority": 0.016,
    "o_orderstatus": 0.005333333333333333,
    "o_shippriority": 0.022,
    "o_totalprice": 0.01,