{
    "0": 77107.04130736968,
    "1": 74844.86081616883,
    "10": 75583.7891157029,
    "11": 72720.61456892669,
    "12": 76042.65309665004,
    "13": 74506.74665160505,
    "14": 74245.07534651153,
    "15": 69802.29689879583,
    "16": 74631.67269502029,
    "17": 75140.73209577023,
    "18": 77692.28775102374,
    "19": 74679.47032767216,
    "2": 73434.28004280975,
    "20": 74299.21881698031,
    "21": 75966.61820810806,
    "22": 74584.77241685726,
    "23": 75240.71607981704,
    "24": 74632.18549465071,
    "25": 79662.64031848892,
    "26": 79446.68861934445,
    "27": 74512.64012499308,
    "28": 74065.93483474743,
    "29": 74540.8562347466,
    "3": 76542.83402475508,
    "30": 72394.25368195484,
    "31": 76158.39496769584,
    "32": 75018.32068119408,
    "33": 76344.21329385653,
    "34": 75688.91910063934,
    "35": 69975.71762566984,
    "36": 74679.37266080815,
    "37": 75369.44344652595,
    "38": 75697.47148306276,
    "39": 78447.83728432178,
    "4": 74530.53175372609,
    "40": 74121.50358432396,
    "41": 77346.96242981349,
    "42": 72810.54404019858,
    "43": 72364.04886805214,
    "44": 73192.56132797082,
    "45": 73985.6588677566,
    "46": 75269.92400162725,
    "47": 74073.90517823669,
    "48": 73992.76524488938,
    "49": 76889.79114261236,
    "5": 73527.4895740316,
    "50": 74388.71428999388,
    "51": 77683.4680631628,
    "52": 77330.91847608137,
    "53": 75451.48700649742,
    "54": 76058.629489557,
    "55": 73419.84251322733,
    "56": 72897.78644504856,
    "57": 79238.66946077588,
    "58": 75004.82378085419,
    "59": 72371.21187651424,
    "6": 71221.4073173748,
    "60": 73266.22915942718,
    "61": 75837.79006775357,
    "62": 75344.70531203828,
    "63": 76240.09552204382,
    "64": 76059.4658166752,
    "65": 75314.90428881827,
    "66": 72418.3944705978,
    "67": 72271.37090540271,
    "68": 76753.7390890412,
    "69": 78367.04674685406,
    "7": 72005.44028721958,
    "70": 76096.44744199142,
    "71": 74359.78545450434,
    "72": 73525.92645505296,
    "73": 76857.00983288184,
    "74": 73700.90173975183,
    "75": 69252.8939163497,
    "76": 73729.24992121366,
    "77": 73649.11812388292,
    "78": 73458.94895954711,
    "79": 79617.79319268852,
    "8": 72959.16739334847,
    "80": 75494.93725544703,
    "81": 73467.271821516,
    "82": 75036.5445352938,
    "83": 74352.18260770068,
    "84": 73216.46936249705,
    "85": 76494.73001777643,
    "86": 73805.01735082516,
    "87": 71892.08009334086,
    "88": 75411.30062008713,
    "89": 75649.09443694439,
    "9": 72537.67836003184,
    "90": 74935.93823236047,
    "91": 73972.6802783957,
    "92": 72482.22166882819,
    "93": 72903.82211839003,
    "94": 74154.97701989589,
    "95": 75917.27746806579,
    "96": 75490.47675923195,
    "97": 75017.07345806969,
    "98": 74017.24641803591,
    "99": 74849.96250475087
}