{
    "c_birth_country": 1.8985088985088978,
    "c_birth_day": 0.9090909090909088,
    "c_birth_month": 1.5244755244755244,
    "c_birth_year": 1.5244755244755244,
    "c_current_addr_sk": 118.96131372653113,
    "c_current_cdemo_sk": 109.86186024120802,
    "c_current_hdemo_sk": 107.68560606060609,
    "c_customer_id": 111.63091630591634,
    "c_customer_sk": 20.28745761188558,
    "c_email_address": 1.6392496392496387,
    "c_first_name": 116.75204194060032,
    "c_first_sales_date_sk": 0.29166666666666663,
    "c_first_shipto_date_sk": 0.29166666666666663,
    "c_last_name": 116.75204194060032,
    "c_last_review_date_sk": 0.9090909090909088,
    "c_login": 1.6392496392496387,
    "c_preferred_cust_flag": 4.23843992265045,
    "c_salutation": 2.819178628389155,
    "ca_address_id": 0,
    "ca_address_sk": 127.11794459566188,
    "ca_city": 109.49463579898362,
    "ca_country": 3.7878764753764727,
    "ca_county": 3.1728615587311233,
    "ca_gmt_offset": 3.9760822510822456,
    "ca_location_type": 0.5416666666666666,
    "ca_state": 10.87528471930645,
    "ca_street_name": 0.8333333333333335,
    "ca_street_number": 0.8333333333333335,
    "ca_street_type": 0.5416666666666666,
    "ca_suite_number": 0.5416666666666666,
    "ca_zip": 5.738946238946236,
    "cc_call_center_id": 0.7272727272727272,
    "cc_call_center_sk": 4.290459540459542,
    "cc_city": 0,
    "cc_class": 0,
    "cc_closed_date_sk": 0,
    "cc_company": 0,
    "cc_company_name": 0,
    "cc_country": 0,
    "cc_county": 0.4285714285714285,
    "cc_division": 0,
    "cc_division_name": 0,
    "cc_employees": 0,
    "cc_gmt_offset": 0,
    "cc_hours": 0,
    "cc_manager": 0.7272727272727272,
    "cc_market_manager": 0,
    "cc_mkt_class": 0,
    "cc_mkt_desc": 0,
    "cc_mkt_id": 0,
    "cc_name": 3.861888111888114,
    "cc_open_date_sk": 0,
    "cc_rec_end_date": 0,
    "cc_rec_start_date": 0,
    "cc_sq_ft": 0,
    "cc_state": 0,
    "cc_street_name": 0,
    "cc_street_number": 0,
    "cc_street_type": 0,
    "cc_suite_number": 0,
    "cc_tax_percentage": 0,
    "cc_zip": 0,
    "cd_credit_rating": 1.1608695652173917,
    "cd_demo_sk": 115.71978095110252,
    "cd_dep_college_count": 0.6608695652173913,
    "cd_dep_count": 1.276254180602007,
    "cd_dep_employed_count": 0.6608695652173913,
    "cd_education_status": 7.620706877028377,
    "cd_gender": 4.921868215689719,
    "cd_marital_status": 8.437729669051171,
    "cd_purchase_estimate": 1.1608695652173917,
    "cp_catalog_number": 0,
    "cp_catalog_page_id": 0.8539682539682542,
    "cp_catalog_page_number": 0,
    "cp_catalog_page_sk": 0.8539682539682542,
    "cp_department": 0,
    "cp_description": 0,
    "cp_end_date_sk": 0,
    "cp_start_date_sk": 0,
    "cp_type": 0,
    "cr_call_center_sk": 1.12012987012987,
    "cr_catalog_page_sk": 0.5428571428571429,
    "cr_fee": 0,
    "cr_item_sk": 5.359013368496125,
    "cr_net_loss": 1.9740981240981232,
    "cr_order_number": 4.501870511353269,
    "cr_reason_sk": 0,
    "cr_refunded_addr_sk": 0,
    "cr_refunded_cash": 1.4249999999999998,
    "cr_refunded_cdemo_sk": 0,
    "cr_refunded_customer_sk": 0,
    "cr_refunded_hdemo_sk": 0,
    "cr_return_amount": 2.2225829725829707,
    "cr_return_amt_inc_tax": 0.5416666666666666,
    "cr_return_quantity": 2.2614718614718603,
    "cr_return_ship_cost": 0,
    "cr_return_tax": 0,
    "cr_returned_date_sk": 3.4903679653679642,
    "cr_returned_time_sk": 0,
    "cr_returning_addr_sk": 0.5416666666666666,
    "cr_returning_cdemo_sk": 0,
    "cr_returning_customer_sk": 1.2689393939393936,
    "cr_returning_hdemo_sk": 0,
    "cr_reversed_charge": 0.29166666666666663,
    "cr_ship_mode_sk": 0,
    "cr_store_credit": 0.29166666666666663,
    "cr_warehouse_sk": 0,
    "cs_bill_addr_sk": 1.850000000000001,
    "cs_bill_cdemo_sk": 2.145599040335882,
    "cs_bill_customer_sk": 10.62521411621862,
    "cs_bill_hdemo_sk": 0.7407407407407405,
    "cs_call_center_sk": 3.9560439560439584,
    "cs_catalog_page_sk": 0.8539682539682542,
    "cs_coupon_amt": 1.4048582995951413,
    "cs_ext_discount_amt": 3.2857142857142847,
    "cs_ext_list_price": 0.5773809523809522,
    "cs_ext_sales_price": 10.898563364739836,
    "cs_ext_ship_cost": 0.4285714285714285,
    "cs_ext_tax": 0,
    "cs_ext_wholesale_cost": 0.28571428571428564,
    "cs_item_sk": 25.09804522101573,
    "cs_list_price": 3.121963562753036,
    "cs_net_paid": 0.5757575757575755,
    "cs_net_paid_inc_ship": 0,
    "cs_net_paid_inc_ship_tax": 0,
    "cs_net_paid_inc_tax": 0.35714285714285704,
    "cs_net_profit": 3.3665390165390137,
    "cs_order_number": 4.501870511353269,
    "cs_promo_sk": 1.8413255360623766,
    "cs_quantity": 6.964021664293895,
    "cs_sales_price": 6.538751417971011,
    "cs_ship_addr_sk": 1.546218487394958,
    "cs_ship_cdemo_sk": 0,
    "cs_ship_customer_sk": 1.560869565217392,
    "cs_ship_date_sk": 2.5539275539275543,
    "cs_ship_hdemo_sk": 0,
    "cs_ship_mode_sk": 1.741758241758242,
    "cs_sold_date_sk": 33.37210159942,
    "cs_sold_time_sk": 1.357142857142857,
    "cs_warehouse_sk": 3.303663003663005,
    "cs_wholesale_cost": 0.6206896551724138,
    "d_current_day": 0,
    "d_current_month": 0,
    "d_current_quarter": 0,
    "d_current_week": 0,
    "d_current_year": 0,
    "d_date": 29.291714766714758,
    "d_date_id": 0,
    "d_date_sk": 93.8202427799294,
    "d_day_name": 4.874999999999999,
    "d_dom": 1.629290617848969,
    "d_dow": 1.3909090909090909,
    "d_first_dom": 0,
    "d_following_holiday": 0,
    "d_fy_quarter_seq": 0,
    "d_fy_week_seq": 0,
    "d_fy_year": 0,
    "d_holiday": 0,
    "d_last_dom": 0,
    "d_month_seq": 21.07342745347857,
    "d_moy": 26.179562648057836,
    "d_qoy": 9.111347476053346,
    "d_quarter_name": 0.7727272727272726,
    "d_quarter_seq": 0,
    "d_same_day_lq": 0,
    "d_same_day_ly": 0,
    "d_week_seq": 7.015740740740738,
    "d_weekend": 0,
    "d_year": 51.24077225045899,
    "hd_buy_potential": 2.8364345206450476,
    "hd_demo_sk": 781.6430833066413,
    "hd_dep_count": 673.2167365052944,
    "hd_income_band_sk": 106.95833333333336,
    "hd_vehicle_count": 4.292926981485333,
    "i_brand": 15.554040077569478,
    "i_brand_id": 7.042105263157889,
    "i_category": 281.42735212357985,
    "i_category_id": 3.5421052631578958,
    "i_class": 15.574540229591399,
    "i_class_id": 1.2421052631578942,
    "i_color": 258.5937830687831,
    "i_container": 0,
    "i_current_price": 13.323542198542219,
    "i_formulation": 0,
    "i_item_desc": 13.13060088060089,
    "i_item_id": 21.089461853935585,
    "i_item_sk": 58.69495542670979,
    "i_manager_id": 8.620797720797713,
    "i_manufact": 258.1428571428572,
    "i_manufact_id": 270.09700299700313,
    "i_product_name": 261.37079831932783,
    "i_rec_end_date": 0,
    "i_rec_start_date": 0,
    "i_size": 257.40211640211635,
    "i_units": 257.40211640211635,
    "i_wholesale_cost": 1.2307692307692304,
    "ib_income_band_sk": 106.95833333333336,
    "ib_lower_bound": 106.66666666666669,
    "ib_upper_bound": 106.66666666666669,
    "inv_date_sk": 6.818013468013465,
    "inv_item_sk": 6.818013468013465,
    "inv_quantity_on_hand": 6.818013468013465,
    "inv_warehouse_sk": 3.908922558922561,
    "p_channel_catalog": 0,
    "p_channel_demo": 0,
    "p_channel_details": 0,
    "p_channel_dmail": 0.8571428571428574,
    "p_channel_email": 2.4360902255639107,
    "p_channel_event": 1.5789473684210515,
    "p_channel_press": 0,
    "p_channel_radio": 0,
    "p_channel_tv": 1.168253968253968,
    "p_cost": 0,
    "p_discount_active": 0,
    "p_end_date_sk": 0,
    "p_item_sk": 0,
    "p_promo_id": 0,
    "p_promo_name": 0,
    "p_promo_sk": 3.7796087440824304,
    "p_purpose": 0,
    "p_response_target": 0,
    "p_start_date_sk": 0,
    "r_reason_desc": 2.0314685314685317,
    "r_reason_id": 0,
    "r_reason_sk": 7.281468531468529,
    "s_city": 2.4343873517786556,
    "s_closed_date_sk": 0,
    "s_company_id": 0.7826086956521736,
    "s_company_name": 1.9780219780219772,